fruit_id, frame_id, complete_volume_ml, mesh_volume_ml, volume_mae_ml, volume_rmse_ml, volume_mape_percent, volume_r2, chamfer_distance, precision, recall, f1 , precision_t0p005, recall_t0p005, f1_t0p005, precision_t0p01, recall_t0p01, f1_t0p01, precision_t0p02, recall_t0p02, f1_t0p02, precision_t0p03, recall_t0p03, f1_t0p03, precision_t0p05, recall_t0p05, f1_t0p05
00036   , 00036   , 19.50311          , 18.769628     ,              ,               ,                    ,          , 0.03664         , 0.2      , 9.4   , 0.4, 0.2             , 9.4          , 0.4      , 1.4            , 19.2        , 2.7     , 11.2           , 39.7        , 17.4    , 31.5           , 58.3        , 40.9    , 70.9           , 77.6        , 74.1    
00037   , 00037   , 19.50311          , 20.033727     ,              ,               ,                    ,          , 0.036146        , 0.2      , 10.0  , 0.4, 0.2             , 10.0         , 0.4      , 1.4            , 19.6        , 2.7     , 11.0           , 41.4        , 17.3    , 30.6           , 58.0        , 40.1    , 70.6           , 80.8        , 75.4    
00038   , 00038   , 19.50311          , 17.53478      ,              ,               ,                    ,          , 0.040891        , 0.2      , 10.9  , 0.4, 0.2             , 10.9         , 0.4      , 1.7            , 20.5        , 3.2     , 11.0           , 34.1        , 16.6    , 27.6           , 47.6        , 34.9    , 64.3           , 71.9        , 67.9    
00039   , 00039   , 19.50311          , 20.519936     ,              ,               ,                    ,          , 0.036678        , 0.2      , 10.0  , 0.4, 0.2             , 10.0         , 0.4      , 1.5            , 19.3        , 2.8     , 10.6           , 39.6        , 16.8    , 28.8           , 55.7        , 38.0    , 67.1           , 81.7        , 73.7    
00040   , 00040   , 19.50311          , 18.60235      ,              ,               ,                    ,          , 0.037705        , 0.2      , 8.2   , 0.3, 0.2             , 8.2          , 0.3      , 1.3            , 18.0        , 2.4     , 10.2           , 36.6        , 15.9    , 28.9           , 54.6        , 37.8    , 70.6           , 78.4        , 74.3    
00041   , 00041   , 19.50311          , 19.004318     ,              ,               ,                    ,          , 0.036362        , 0.2      , 9.1   , 0.4, 0.2             , 9.1          , 0.4      , 1.6            , 20.4        , 2.9     , 11.9           , 41.8        , 18.5    , 32.2           , 58.9        , 41.6    , 70.8           , 78.6        , 74.5    
00042   , 00042   , 19.746473         , 20.105104     ,              ,               ,                    ,          , 0.043835        , 0.1      , 6.1   , 0.2, 0.1             , 6.1          , 0.2      , 0.8            , 11.5        , 1.5     , 6.1            , 24.5        , 9.8     , 18.5           , 38.6        , 25.0    , 55.9           , 69.5        , 62.0    
00043   , 00043   , 19.746473         , 16.670892     ,              ,               ,                    ,          , 0.052209        , 0.2      , 8.2   , 0.3, 0.2             , 8.2          , 0.3      , 1.2            , 15.2        , 2.3     , 8.2            , 26.9        , 12.5    , 22.1           , 38.2        , 28.0    , 52.1           , 55.2        , 53.6    
00044   , 00044   , 19.746473         , 18.568474     ,              ,               ,                    ,          , 0.046388        , 0.1      , 4.9   , 0.2, 0.1             , 4.9          , 0.2      , 0.7            , 10.4        , 1.3     , 5.9            , 23.6        , 9.4     , 18.7           , 37.2        , 24.9    , 55.8           , 64.6        , 59.9    
00045   , 00045   , 19.746473         , 17.397759     ,              ,               ,                    ,          , 0.047557        , 0.1      , 6.8   , 0.3, 0.1             , 6.8          , 0.3      , 1.1            , 14.7        , 2.0     , 8.2            , 28.7        , 12.7    , 23.0           , 40.5        , 29.4    , 58.5           , 62.8        , 60.6    
00046   , 00046   , 19.746473         , 16.362233     ,              ,               ,                    ,          , 0.056437        , 0.1      , 6.9   , 0.3, 0.1             , 6.9          , 0.3      , 1.1            , 13.6        , 2.0     , 7.2            , 24.3        , 11.1    , 19.6           , 33.9        , 24.9    , 48.2           , 48.9        , 48.5    
00047   , 00047   , 19.746473         , 20.559463     ,              ,               ,                    ,          , 0.04393         , 0.1      , 6.0   , 0.2, 0.1             , 6.0          , 0.2      , 0.9            , 13.1        , 1.7     , 6.9            , 27.0        , 11.0    , 19.8           , 40.7        , 26.7    , 54.0           , 66.9        , 59.8    
00048   , 00048   , 24.051658         , 20.499434     ,              ,               ,                    ,          , 0.053827        , 0.1      , 4.2   , 0.1, 0.1             , 4.2          , 0.1      , 0.6            , 8.3         , 1.1     , 5.0            , 19.5        , 8.0     , 15.4           , 30.6        , 20.5    , 47.0           , 56.2        , 51.2    
00049   , 00049   , 24.051658         , 22.720226     ,              ,               ,                    ,          , 0.044474        , 0.1      , 5.2   , 0.2, 0.1             , 5.2          , 0.2      , 0.7            , 11.8        , 1.3     , 6.1            , 28.1        , 10.0    , 18.7           , 42.4        , 26.0    , 55.5           , 70.4        , 62.1    
00050   , 00050   , 24.051658         , 21.0957       ,              ,               ,                    ,          , 0.050232        , 0.1      , 5.0   , 0.2, 0.1             , 5.0          , 0.2      , 0.7            , 10.7        , 1.3     , 5.3            , 21.0        , 8.5     , 15.6           , 32.5        , 21.1    , 49.7           , 60.2        , 54.4    
00051   , 00051   , 24.051658         , 21.368046     ,              ,               ,                    ,          , 0.048752        , 0.1      , 5.8   , 0.2, 0.1             , 5.8          , 0.2      , 0.7            , 11.1        , 1.4     , 5.6            , 22.8        , 9.0     , 17.3           , 36.2        , 23.4    , 51.3           , 61.2        , 55.8    
00052   , 00052   , 24.051658         , 22.367366     ,              ,               ,                    ,          , 0.047383        , 0.1      , 4.4   , 0.2, 0.1             , 4.4          , 0.2      , 0.6            , 9.9         , 1.2     , 5.3            , 23.4        , 8.6     , 16.6           , 37.2        , 22.9    , 52.3           , 67.3        , 58.8    
00053   , 00053   , 24.051658         , 22.509708     ,              ,               ,                    ,          , 0.044873        , 0.1      , 5.8   , 0.2, 0.1             , 5.8          , 0.2      , 0.8            , 13.2        , 1.5     , 6.9            , 29.8        , 11.2    , 20.8           , 44.3        , 28.3    , 56.8           , 70.0        , 62.7    
00132   , 00132   , 19.583959         , 16.223683     ,              ,               ,                    ,          , 0.056329        , 0.1      , 6.7   , 0.3, 0.1             , 6.7          , 0.3      , 1.0            , 12.8        , 1.9     , 7.0            , 24.0        , 10.8    , 19.2           , 34.4        , 24.6    , 45.8           , 50.2        , 47.9    
00133   , 00133   , 19.583959         , 16.672106     ,              ,               ,                    ,          , 0.054416        , 0.1      , 6.1   , 0.2, 0.1             , 6.1          , 0.2      , 0.9            , 11.0        , 1.6     , 6.6            , 23.5        , 10.3    , 19.3           , 35.6        , 25.0    , 48.2           , 52.6        , 50.3    
00134   , 00134   , 19.583959         , 18.512078     ,              ,               ,                    ,          , 0.047632        , 0.1      , 5.9   , 0.2, 0.1             , 5.9          , 0.2      , 0.9            , 11.9        , 1.6     , 6.2            , 22.1        , 9.7     , 17.0           , 33.5        , 22.5    , 49.5           , 62.0        , 55.0    
00135   , 00135   , 19.583959         , 17.1601       ,              ,               ,                    ,          , 0.052361        , 0.1      , 4.2   , 0.2, 0.1             , 4.2          , 0.2      , 0.7            , 9.9         , 1.3     , 5.6            , 21.5        , 8.9     , 17.8           , 34.2        , 23.4    , 47.7           , 53.6        , 50.4    
00136   , 00136   , 19.583959         , 16.929565     ,              ,               ,                    ,          , 0.05217         , 0.1      , 5.5   , 0.2, 0.1             , 5.5          , 0.2      , 0.9            , 11.6        , 1.7     , 7.2            , 24.7        , 11.1    , 20.2           , 35.5        , 25.8    , 49.5           , 52.3        , 50.9    
00137   , 00137   , 19.583959         , 17.318694     ,              ,               ,                    ,          , 0.051487        , 0.1      , 5.3   , 0.2, 0.1             , 5.3          , 0.2      , 0.9            , 11.9        , 1.6     , 6.3            , 22.5        , 9.9     , 18.1           , 34.1        , 23.6    , 48.5           , 53.9        , 51.0    
00138   , 00138   , 15.757421         , 25.06945      ,              ,               ,                    ,          , 0.13276         , 0.0      , 1.6   , 0.0, 0.0             , 1.6          , 0.0      , 0.1            , 3.7         , 0.2     , 0.9            , 7.3         , 1.7     , 2.9            , 9.9         , 4.5     , 8.9            , 17.3        , 11.8    
00139   , 00139   , 15.757421         , 25.732101     ,              ,               ,                    ,          , 0.139501        , 0.0      , 1.4   , 0.0, 0.0             , 1.4          , 0.0      , 0.1            , 3.2         , 0.2     , 1.0            , 7.2         , 1.7     , 2.9            , 10.4        , 4.6     , 8.5            , 17.4        , 11.5    
00140   , 00140   , 15.757421         , 26.075435     ,              ,               ,                    ,          , 0.140888        , 0.0      , 0.9   , 0.0, 0.0             , 0.9          , 0.0      , 0.1            , 2.6         , 0.2     , 0.8            , 5.7         , 1.4     , 2.4            , 8.6         , 3.7     , 7.8            , 14.7        , 10.2    
00141   , 00141   , 15.757421         , 26.595331     ,              ,               ,                    ,          , 0.14834         , 0.0      , 1.2   , 0.0, 0.0             , 1.2          , 0.0      , 0.1            , 2.1         , 0.1     , 0.6            , 4.5         , 1.0     , 1.9            , 7.8         , 3.1     , 6.7            , 13.4        , 8.9     
00142   , 00142   , 15.757421         , 26.285952     ,              ,               ,                    ,          , 0.143706        , 0.0      , 1.0   , 0.0, 0.0             , 1.0          , 0.0      , 0.1            , 2.1         , 0.2     , 0.7            , 5.3         , 1.2     , 2.2            , 8.6         , 3.5     , 6.8            , 13.6        , 9.1     
00143   , 00143   , 15.757421         , 24.586725     ,              ,               ,                    ,          , 0.124663        , 0.0      , 2.5   , 0.1, 0.0             , 2.5          , 0.1      , 0.2            , 4.5         , 0.4     , 1.2            , 8.4         , 2.1     , 3.5            , 12.1        , 5.4     , 10.7           , 20.8        , 14.1    
00156   , 00156   , 18.03205          , 21.993497     ,              ,               ,                    ,          , 0.052927        , 0.1      , 6.1   , 0.2, 0.1             , 6.1          , 0.2      , 0.8            , 14.2        , 1.5     , 6.0            , 27.7        , 9.8     , 16.8           , 39.2        , 23.6    , 44.4           , 60.4        , 51.2    
00157   , 00157   , 18.03205          , 22.032046     ,              ,               ,                    ,          , 0.055052        , 0.1      , 5.4   , 0.2, 0.1             , 5.4          , 0.2      , 0.7            , 13.0        , 1.3     , 5.6            , 27.1        , 9.2     , 16.1           , 40.1        , 23.0    , 43.6           , 61.6        , 51.1    
00158   , 00158   , 18.03205          , 18.916475     ,              ,               ,                    ,          , 0.040571        , 0.2      , 9.6   , 0.3, 0.2             , 9.6          , 0.3      , 1.3            , 19.3        , 2.5     , 8.8            , 34.7        , 14.0    , 24.3           , 49.6        , 32.6    , 60.5           , 74.2        , 66.7    
00159   , 00159   , 18.03205          , 21.625893     ,              ,               ,                    ,          , 0.051722        , 0.1      , 7.2   , 0.2, 0.1             , 7.2          , 0.2      , 0.9            , 15.3        , 1.6     , 6.3            , 29.6        , 10.3    , 18.1           , 43.1        , 25.5    , 46.4           , 63.0        , 53.5    
00160   , 00160   , 18.03205          , 22.154663     ,              ,               ,                    ,          , 0.054751        , 0.1      , 6.2   , 0.2, 0.1             , 6.2          , 0.2      , 0.8            , 14.2        , 1.5     , 5.7            , 27.4        , 9.4     , 15.9           , 38.5        , 22.5    , 41.7           , 59.3        , 48.9    
00161   , 00161   , 18.03205          , 21.999336     ,              ,               ,                    ,          , 0.055042        , 0.1      , 6.0   , 0.2, 0.1             , 6.0          , 0.2      , 0.8            , 13.6        , 1.4     , 5.6            , 26.1        , 9.2     , 16.0           , 38.8        , 22.7    , 43.1           , 60.4        , 50.3    
00168   , 00168   , 15.053264         , 18.290382     ,              ,               ,                    ,          , 0.061786        , 0.1      , 6.5   , 0.2, 0.1             , 6.5          , 0.2      , 0.8            , 13.0        , 1.5     , 5.4            , 24.0        , 8.8     , 14.2           , 33.7        , 20.0    , 35.6           , 49.1        , 41.3    
00169   , 00169   , 15.053264         , 19.308306     ,              ,               ,                    ,          , 0.071233        , 0.1      , 4.0   , 0.1, 0.1             , 4.0          , 0.1      , 0.6            , 10.0        , 1.1     , 4.0            , 19.0        , 6.6     , 11.4           , 29.7        , 16.5    , 29.9           , 43.8        , 35.6    
00170   , 00170   , 15.053264         , 20.654914     ,              ,               ,                    ,          , 0.087213        , 0.0      , 1.6   , 0.1, 0.0             , 1.6          , 0.1      , 0.2            , 3.2         , 0.3     , 1.4            , 8.3         , 2.3     , 4.9            , 15.9        , 7.5     , 19.9           , 33.1        , 24.8    
00171   , 00171   , 15.053264         , 19.237785     ,              ,               ,                    ,          , 0.071922        , 0.1      , 4.5   , 0.1, 0.1             , 4.5          , 0.1      , 0.5            , 9.2         , 1.0     , 3.8            , 18.3        , 6.3     , 10.8           , 28.4        , 15.7    , 30.1           , 43.7        , 35.7    
00172   , 00172   , 15.053264         , 19.761763     ,              ,               ,                    ,          , 0.078655        , 0.0      , 1.9   , 0.1, 0.0             , 1.9          , 0.1      , 0.3            , 5.6         , 0.5     , 2.6            , 14.3        , 4.4     , 8.1            , 22.3        , 11.9    , 25.7           , 38.0        , 30.6    
00173   , 00173   , 15.053264         , 19.415628     ,              ,               ,                    ,          , 0.074816        , 0.1      , 3.3   , 0.1, 0.1             , 3.3          , 0.1      , 0.4            , 6.1         , 0.7     , 2.8            , 15.1        , 4.7     , 8.9            , 24.2        , 13.0    , 26.9           , 37.9        , 31.5    
00210   , 00210   , 16.850539         , 23.118056     ,              ,               ,                    ,          , 0.087572        , 0.1      , 4.0   , 0.1, 0.1             , 4.0          , 0.1      , 0.5            , 8.3         , 0.9     , 3.4            , 16.6        , 5.6     , 9.5            , 23.5        , 13.5    , 25.0           , 35.6        , 29.4    
00211   , 00211   , 16.850539         , 21.570482     ,              ,               ,                    ,          , 0.077489        , 0.1      , 3.8   , 0.1, 0.1             , 3.8          , 0.1      , 0.5            , 8.2         , 0.9     , 3.7            , 16.9        , 6.0     , 10.8           , 24.8        , 15.0    , 28.6           , 38.2        , 32.7    
00212   , 00212   , 16.850539         , 18.533337     ,              ,               ,                    ,          , 0.065873        , 0.1      , 3.7   , 0.1, 0.1             , 3.7          , 0.1      , 0.5            , 7.8         , 0.9     , 3.5            , 15.5        , 5.7     , 10.8           , 24.7        , 15.0    , 32.6           , 43.0        , 37.1    
00213   , 00213   , 16.850539         , 22.86547      ,              ,               ,                    ,          , 0.085168        , 0.1      , 4.8   , 0.1, 0.1             , 4.8          , 0.1      , 0.5            , 9.0         , 1.0     , 3.8            , 18.5        , 6.4     , 10.8           , 26.3        , 15.4    , 28.3           , 38.9        , 32.8    
00214   , 00214   , 16.850539         , 20.370086     ,              ,               ,                    ,          , 0.075104        , 0.1      , 4.0   , 0.1, 0.1             , 4.0          , 0.1      , 0.5            , 8.5         , 0.9     , 3.5            , 16.0        , 5.7     , 10.1           , 23.1        , 14.1    , 28.3           , 37.3        , 32.2    
00215   , 00215   , 16.850539         , 21.908982     ,              ,               ,                    ,          , 0.08081         , 0.1      , 3.7   , 0.1, 0.1             , 3.7          , 0.1      , 0.4            , 8.0         , 0.8     , 3.3            , 16.5        , 5.5     , 10.3           , 25.2        , 14.6    , 28.1           , 37.5        , 32.1    
00300   , 00300   , 31.325077         , 24.879232     ,              ,               ,                    ,          , 0.072772        , 0.0      , 2.8   , 0.1, 0.0             , 2.8          , 0.1      , 0.4            , 6.2         , 0.7     , 3.0            , 13.2        , 4.9     , 9.4            , 21.0        , 13.0    , 31.4           , 39.6        , 35.0    
00301   , 00301   , 31.325077         , 26.930882     ,              ,               ,                    ,          , 0.062471        , 0.1      , 5.3   , 0.1, 0.1             , 5.3          , 0.1      , 0.6            , 11.6        , 1.2     , 4.9            , 22.8        , 8.1     , 14.3           , 31.4        , 19.7    , 38.1           , 48.5        , 42.7    
00302   , 00302   , 31.325077         , 25.84278      ,              ,               ,                    ,          , 0.069229        , 0.1      , 4.7   , 0.1, 0.1             , 4.7          , 0.1      , 0.5            , 9.1         , 1.0     , 3.8            , 17.8        , 6.2     , 11.5           , 26.1        , 16.0    , 33.8           , 42.1        , 37.5    
00303   , 00303   , 31.325077         , 24.981755     ,              ,               ,                    ,          , 0.073322        , 0.0      , 2.7   , 0.1, 0.0             , 2.7          , 0.1      , 0.4            , 6.6         , 0.7     , 3.1            , 14.5        , 5.2     , 10.2           , 23.1        , 14.2    , 32.3           , 39.9        , 35.7    
00304   , 00304   , 31.325077         , 24.813533     ,              ,               ,                    ,          , 0.072837        , 0.0      , 2.9   , 0.1, 0.0             , 2.9          , 0.1      , 0.4            , 5.6         , 0.7     , 2.7            , 13.0        , 4.5     , 9.5            , 22.6        , 13.3    , 31.7           , 41.3        , 35.9    
00305   , 00305   , 31.325077         , 25.596879     ,              ,               ,                    ,          , 0.068121        , 0.1      , 3.5   , 0.1, 0.1             , 3.5          , 0.1      , 0.4            , 7.2         , 0.8     , 3.5            , 15.7        , 5.7     , 11.2           , 25.2        , 15.5    , 34.5           , 41.6        , 37.7    
00330   , 00330   , 24.258872         , 19.232575     ,              ,               ,                    ,          , 0.065741        , 0.1      , 4.3   , 0.2, 0.1             , 4.3          , 0.2      , 0.6            , 8.8         , 1.2     , 4.9            , 17.7        , 7.7     , 15.5           , 30.1        , 20.4    , 41.9           , 45.8        , 43.8    
00331   , 00331   , 24.258872         , 17.20089      ,              ,               ,                    ,          , 0.083802        , 0.0      , 0.4   , 0.0, 0.0             , 0.4          , 0.0      , 0.1            , 1.2         , 0.2     , 0.9            , 3.3         , 1.4     , 3.8            , 8.7         , 5.3     , 21.8           , 26.8        , 24.0    
00332   , 00332   , 24.258872         , 17.658568     ,              ,               ,                    ,          , 0.079996        , 0.0      , 0.8   , 0.0, 0.0             , 0.8          , 0.0      , 0.1            , 1.9         , 0.3     , 1.3            , 4.7         , 2.0     , 4.7            , 9.1         , 6.2     , 23.7           , 29.9        , 26.5    
00333   , 00333   , 24.258872         , 21.044514     ,              ,               ,                    ,          , 0.056153        , 0.1      , 7.3   , 0.3, 0.1             , 7.3          , 0.3      , 1.0            , 16.2        , 2.0     , 7.8            , 29.9        , 12.4    , 21.4           , 40.4        , 28.0    , 49.5           , 54.8        , 52.0    
00334   , 00334   , 24.258872         , 17.124162     ,              ,               ,                    ,          , 0.084654        , 0.0      , 0.6   , 0.0, 0.0             , 0.6          , 0.0      , 0.1            , 1.1         , 0.2     , 0.9            , 3.7         , 1.4     , 3.8            , 7.5         , 5.0     , 20.1           , 24.0        , 21.8    
00335   , 00335   , 24.258872         , 16.583634     ,              ,               ,                    ,          , 0.090143        , 0.0      , 0.2   , 0.0, 0.0             , 0.2          , 0.0      , 0.1            , 0.8         , 0.1     , 0.6            , 2.1         , 0.9     , 2.4            , 4.7         , 3.2     , 13.0           , 16.2        , 14.4    
00336   , 00336   , 21.231961         , 20.740401     ,              ,               ,                    ,          , 0.047646        , 0.1      , 6.4   , 0.2, 0.1             , 6.4          , 0.2      , 0.9            , 13.4        , 1.7     , 6.1            , 25.5        , 9.8     , 17.7           , 38.6        , 24.2    , 51.7           , 66.0        , 58.0    
00337   , 00337   , 21.231961         , 24.418202     ,              ,               ,                    ,          , 0.047924        , 0.1      , 8.3   , 0.2, 0.1             , 8.3          , 0.2      , 1.0            , 18.0        , 1.8     , 7.4            , 36.7        , 12.4    , 21.4           , 51.1        , 30.1    , 53.0           , 72.7        , 61.3    
00338   , 00338   , 21.231961         , 21.407021     ,              ,               ,                    ,          , 0.046976        , 0.1      , 8.6   , 0.3, 0.1             , 8.6          , 0.3      , 1.0            , 15.7        , 1.9     , 6.6            , 28.7        , 10.7    , 19.3           , 44.0        , 26.9    , 53.2           , 68.3        , 59.8    
00339   , 00339   , 21.231961         , 21.173916     ,              ,               ,                    ,          , 0.047253        , 0.1      , 7.7   , 0.3, 0.1             , 7.7          , 0.3      , 1.0            , 15.1        , 1.9     , 6.7            , 28.4        , 10.8    , 18.6           , 41.1        , 25.6    , 52.0           , 68.5        , 59.1    
00340   , 00340   , 21.231961         , 19.018159     ,              ,               ,                    ,          , 0.053656        , 0.1      , 4.9   , 0.2, 0.1             , 4.9          , 0.2      , 0.7            , 9.3         , 1.2     , 5.1            , 20.5        , 8.2     , 15.0           , 30.7        , 20.1    , 43.2           , 52.6        , 47.5    
00341   , 00341   , 21.231961         , 22.140426     ,              ,               ,                    ,          , 0.045534        , 0.1      , 8.0   , 0.3, 0.1             , 8.0          , 0.3      , 1.1            , 17.8        , 2.0     , 7.5            , 33.0        , 12.2    , 21.2           , 47.8        , 29.4    , 56.2           , 72.4        , 63.3    
00342   , 00342   , 14.740559         , 17.706762     ,              ,               ,                    ,          , 0.054974        , 0.1      , 7.0   , 0.2, 0.1             , 7.0          , 0.2      , 0.8            , 14.4        , 1.5     , 5.8            , 27.3        , 9.5     , 17.4           , 42.6        , 24.7    , 44.8           , 63.6        , 52.6    
00343   , 00343   , 14.740559         , 16.279286     ,              ,               ,                    ,          , 0.048979        , 0.1      , 6.9   , 0.2, 0.1             , 6.9          , 0.2      , 0.9            , 14.7        , 1.6     , 6.4            , 29.8        , 10.6    , 18.7           , 41.6        , 25.8    , 48.6           , 63.2        , 54.9    
00344   , 00344   , 14.740559         , 16.410499     ,              ,               ,                    ,          , 0.050216        , 0.1      , 6.5   , 0.2, 0.1             , 6.5          , 0.2      , 0.8            , 13.3        , 1.5     , 5.9            , 27.5        , 9.7     , 17.2           , 39.4        , 24.0    , 46.9           , 64.7        , 54.4    
00345   , 00345   , 14.740559         , 16.628203     ,              ,               ,                    ,          , 0.049769        , 0.1      , 6.1   , 0.2, 0.1             , 6.1          , 0.2      , 0.8            , 14.2        , 1.5     , 6.3            , 29.0        , 10.3    , 18.5           , 41.6        , 25.6    , 49.1           , 68.4        , 57.2    
00346   , 00346   , 14.740559         , 16.619113     ,              ,               ,                    ,          , 0.049333        , 0.1      , 6.5   , 0.2, 0.1             , 6.5          , 0.2      , 0.8            , 15.1        , 1.6     , 6.5            , 30.5        , 10.8    , 18.6           , 42.8        , 25.9    , 47.5           , 65.4        , 55.1    
00347   , 00347   , 14.740559         , 17.412051     ,              ,               ,                    ,          , 0.054179        , 0.1      , 6.2   , 0.2, 0.1             , 6.2          , 0.2      , 0.7            , 13.5        , 1.4     , 5.5            , 27.4        , 9.1     , 16.4           , 41.0        , 23.4    , 45.2           , 65.4        , 53.5    
00354   , 00354   , 18.595568         , 14.980659     ,              ,               ,                    ,          , 0.094557        , 0.0      , 2.2   , 0.1, 0.0             , 2.2          , 0.1      , 0.2            , 3.7         , 0.5     , 1.6            , 7.2         , 2.7     , 4.7            , 10.5        , 6.5     , 15.4           , 19.8        , 17.3    
00355   , 00355   , 18.595568         , 12.927757     ,              ,               ,                    ,          , 0.116076        , 0.0      , 1.3   , 0.0, 0.0             , 1.3          , 0.0      , 0.2            , 2.4         , 0.3     , 1.1            , 4.3         , 1.7     , 3.2            , 6.6         , 4.3     , 10.3           , 11.0        , 10.6    
00356   , 00356   , 18.595568         , 15.065816     ,              ,               ,                    ,          , 0.091663        , 0.0      , 2.6   , 0.1, 0.0             , 2.6          , 0.1      , 0.3            , 4.2         , 0.5     , 1.7            , 7.9         , 2.8     , 4.7            , 10.8        , 6.6     , 15.4           , 21.0        , 17.8    
00357   , 00357   , 18.595568         , 14.553659     ,              ,               ,                    ,          , 0.0937          , 0.0      , 1.8   , 0.1, 0.0             , 1.8          , 0.1      , 0.2            , 3.9         , 0.4     , 1.6            , 7.0         , 2.7     , 4.6            , 10.8        , 6.5     , 14.4           , 19.2        , 16.5    
00358   , 00358   , 18.595568         , 13.045263     ,              ,               ,                    ,          , 0.113376        , 0.0      , 1.0   , 0.0, 0.0             , 1.0          , 0.0      , 0.1            , 2.1         , 0.2     , 0.9            , 3.8         , 1.4     , 2.8            , 6.2         , 3.8     , 10.4           , 12.0        , 11.1    
00359   , 00359   , 18.595568         , 13.743497     ,              ,               ,                    ,          , 0.107919        , 0.0      , 1.0   , 0.0, 0.0             , 1.0          , 0.0      , 0.1            , 2.2         , 0.3     , 1.1            , 5.1         , 1.8     , 3.4            , 7.4         , 4.7     , 11.6           , 14.6        , 12.9    
00372   , 00372   , 24.779928         , 22.502365     ,              ,               ,                    ,          , 0.045113        , 0.1      , 6.6   , 0.3, 0.1             , 6.6          , 0.3      , 0.9            , 13.4        , 1.8     , 7.3            , 27.7        , 11.5    , 22.0           , 43.2        , 29.1    , 57.3           , 65.7        , 61.2    
00373   , 00373   , 24.779928         , 22.305249     ,              ,               ,                    ,          , 0.041869        , 0.2      , 9.7   , 0.4, 0.2             , 9.7          , 0.4      , 1.4            , 18.9        , 2.6     , 9.9            , 35.4        , 15.4    , 27.9           , 51.6        , 36.2    , 64.2           , 69.8        , 66.8    
00374   , 00374   , 24.779928         , 18.313637     ,              ,               ,                    ,          , 0.068262        , 0.1      , 3.0   , 0.1, 0.1             , 3.0          , 0.1      , 0.6            , 6.7         , 1.0     , 4.0            , 12.6        , 6.1     , 10.5           , 16.7        , 12.9    , 30.7           , 35.3        , 32.8    
00375   , 00375   , 24.779928         , 21.900159     ,              ,               ,                    ,          , 0.043564        , 0.2      , 8.6   , 0.3, 0.2             , 8.6          , 0.3      , 1.2            , 15.3        , 2.3     , 8.8            , 30.9        , 13.7    , 26.0           , 47.6        , 33.6    , 64.3           , 69.2        , 66.7    
00376   , 00376   , 24.779928         , 20.305297     ,              ,               ,                    ,          , 0.052493        , 0.1      , 5.5   , 0.2, 0.1             , 5.5          , 0.2      , 0.8            , 10.8        , 1.5     , 6.7            , 24.8        , 10.6    , 20.0           , 35.4        , 25.6    , 51.3           , 57.7        , 54.3    
00377   , 00377   , 24.779928         , 23.571307     ,              ,               ,                    ,          , 0.041724        , 0.2      , 8.8   , 0.3, 0.2             , 8.8          , 0.3      , 1.1            , 15.5        , 2.1     , 8.1            , 32.3        , 13.0    , 23.7           , 47.0        , 31.5    , 60.0           , 69.8        , 64.5    
00420   , 00420   , 18.727573         , 24.053137     ,              ,               ,                    ,          , 0.062688        , 0.1      , 5.7   , 0.2, 0.1             , 5.7          , 0.2      , 0.6            , 11.0        , 1.2     , 4.2            , 21.1        , 7.1     , 12.4           , 32.8        , 18.0    , 32.2           , 47.6        , 38.4    
00421   , 00421   , 18.727573         , 19.592164     ,              ,               ,                    ,          , 0.040041        , 0.1      , 9.1   , 0.3, 0.1             , 9.1          , 0.3      , 1.2            , 18.9        , 2.2     , 8.7            , 36.6        , 14.1    , 24.1           , 49.3        , 32.3    , 58.2           , 76.2        , 66.0    
00422   , 00422   , 18.727573         , 23.000392     ,              ,               ,                    ,          , 0.053756        , 0.1      , 6.2   , 0.2, 0.1             , 6.2          , 0.2      , 0.8            , 14.9        , 1.5     , 6.0            , 28.4        , 9.9     , 16.5           , 39.8        , 23.3    , 40.1           , 56.9        , 47.0    
00423   , 00423   , 18.727573         , 24.54888      ,              ,               ,                    ,          , 0.066739        , 0.1      , 5.0   , 0.2, 0.1             , 5.0          , 0.2      , 0.5            , 9.9         , 1.0     , 3.7            , 18.8        , 6.2     , 10.7           , 29.4        , 15.7    , 29.5           , 45.2        , 35.7    
00424   , 00424   , 18.727573         , 20.424566     ,              ,               ,                    ,          , 0.03887         , 0.1      , 8.3   , 0.2, 0.1             , 8.3          , 0.2      , 1.1            , 18.2        , 2.0     , 8.5            , 37.2        , 13.8    , 23.7           , 52.2        , 32.6    , 59.8           , 78.2        , 67.8    
00425   , 00425   , 18.727573         , 22.244756     ,              ,               ,                    ,          , 0.049869        , 0.1      , 7.3   , 0.2, 0.1             , 7.3          , 0.2      , 0.9            , 15.8        , 1.7     , 6.3            , 29.0        , 10.4    , 17.2           , 39.7        , 24.0    , 44.6           , 61.3        , 51.6    
00642   , 00642   , 22.696589         , 17.478114     ,              ,               ,                    ,          , 0.064636        , 0.1      , 3.8   , 0.2, 0.1             , 3.8          , 0.2      , 0.5            , 6.4         , 1.0     , 3.7            , 13.0        , 5.8     , 11.8           , 22.2        , 15.4    , 34.4           , 37.7        , 36.0    
00643   , 00643   , 22.696589         , 18.568143     ,              ,               ,                    ,          , 0.057795        , 0.1      , 5.2   , 0.2, 0.1             , 5.2          , 0.2      , 0.8            , 10.5        , 1.5     , 5.4            , 19.5        , 8.5     , 15.7           , 30.2        , 20.7    , 41.6           , 47.7        , 44.4    
00644   , 00644   , 22.696589         , 17.150766     ,              ,               ,                    ,          , 0.06635         , 0.1      , 3.3   , 0.1, 0.1             , 3.3          , 0.1      , 0.5            , 5.9         , 0.9     , 3.6            , 13.1        , 5.7     , 11.6           , 21.6        , 15.1    , 34.4           , 38.4        , 36.3    
00645   , 00645   , 22.696589         , 17.894882     ,              ,               ,                    ,          , 0.060589        , 0.1      , 3.3   , 0.1, 0.1             , 3.3          , 0.1      , 0.5            , 6.3         , 1.0     , 4.2            , 16.2        , 6.6     , 14.1           , 25.9        , 18.3    , 37.8           , 42.1        , 39.9    
00646   , 00646   , 22.696589         , 18.602656     ,              ,               ,                    ,          , 0.053546        , 0.1      , 5.1   , 0.2, 0.1             , 5.1          , 0.2      , 0.8            , 10.4        , 1.4     , 5.9            , 21.8        , 9.3     , 17.3           , 31.3        , 22.3    , 44.9           , 53.0        , 48.6    
00647   , 00647   , 22.696589         , 18.102388     ,              ,               ,                    ,          , 0.0593          , 0.1      , 3.3   , 0.1, 0.1             , 3.3          , 0.1      , 0.6            , 7.1         , 1.0     , 4.7            , 17.4        , 7.3     , 15.2           , 28.6        , 19.8    , 40.3           , 45.3        , 42.7    
00648   , 00648   , 31.357576         , 17.716587     ,              ,               ,                    ,          , 0.136919        , 0.0      , 0.9   , 0.0, 0.0             , 0.9          , 0.0      , 0.1            , 1.6         , 0.2     , 0.9            , 2.8         , 1.3     , 2.5            , 4.4         , 3.2     , 9.8            , 10.1        , 9.9     
00649   , 00649   , 31.357576         , 23.326319     ,              ,               ,                    ,          , 0.088623        , 0.0      , 2.6   , 0.1, 0.0             , 2.6          , 0.1      , 0.4            , 7.1         , 0.8     , 3.3            , 14.4        , 5.4     , 9.5            , 19.0        , 12.6    , 25.0           , 28.2        , 26.5    
00650   , 00650   , 31.357576         , 20.608912     ,              ,               ,                    ,          , 0.107284        , 0.0      , 2.0   , 0.1, 0.0             , 2.0          , 0.1      , 0.3            , 4.5         , 0.6     , 2.5            , 9.3         , 3.9     , 7.2            , 13.4        , 9.4     , 20.2           , 22.3        , 21.2    
00651   , 00651   , 31.357576         , 17.690371     ,              ,               ,                    ,          , 0.136574        , 0.0      , 0.6   , 0.0, 0.0             , 0.6          , 0.0      , 0.1            , 1.3         , 0.2     , 0.8            , 3.2         , 1.3     , 2.6            , 4.9         , 3.4     , 9.9            , 11.6        , 10.7    
00652   , 00652   , 31.357576         , 22.119183     ,              ,               ,                    ,          , 0.096201        , 0.0      , 3.0   , 0.1, 0.0             , 3.0          , 0.1      , 0.4            , 6.2         , 0.7     , 2.9            , 11.2        , 4.6     , 8.2            , 16.2        , 10.9    , 22.3           , 24.7        , 23.5    
00653   , 00653   , 31.357576         , 21.606292     ,              ,               ,                    ,          , 0.101419        , 0.0      , 2.3   , 0.1, 0.0             , 2.3          , 0.1      , 0.3            , 4.7         , 0.6     , 2.2            , 8.6         , 3.6     , 6.6            , 12.9        , 8.8     , 19.7           , 21.7        , 20.7    
00684   , 00684   , 22.165984         , 15.27262      ,              ,               ,                    ,          , 0.116916        , 0.0      , 0.5   , 0.0, 0.0             , 0.5          , 0.0      , 0.1            , 1.4         , 0.2     , 0.7            , 2.8         , 1.1     , 2.4            , 5.7         , 3.4     , 10.0           , 10.8        , 10.4    
00685   , 00685   , 22.165984         , 14.110219     ,              ,               ,                    ,          , 0.130841        , 0.0      , 0.8   , 0.0, 0.0             , 0.8          , 0.0      , 0.1            , 1.9         , 0.2     , 0.8            , 3.0         , 1.3     , 2.4            , 4.7         , 3.2     , 9.0            , 9.8         , 9.4     
00686   , 00686   , 22.165984         , 15.056003     ,              ,               ,                    ,          , 0.121227        , 0.0      , 1.0   , 0.0, 0.0             , 1.0          , 0.0      , 0.1            , 1.8         , 0.2     , 0.8            , 3.4         , 1.3     , 2.6            , 5.6         , 3.5     , 9.3            , 10.3        , 9.8     
00687   , 00687   , 22.165984         , 14.934961     ,              ,               ,                    ,          , 0.122638        , 0.0      , 0.7   , 0.0, 0.0             , 0.7          , 0.0      , 0.1            , 1.4         , 0.2     , 0.7            , 2.9         , 1.1     , 2.4            , 5.2         , 3.3     , 8.9            , 9.3         , 9.1     
00688   , 00688   , 22.165984         , 14.769571     ,              ,               ,                    ,          , 0.124324        , 0.0      , 0.9   , 0.0, 0.0             , 0.9          , 0.0      , 0.1            , 1.7         , 0.2     , 0.7            , 2.9         , 1.1     , 2.2            , 4.5         , 3.0     , 8.5            , 9.8         , 9.1     
00689   , 00689   , 22.165984         , 13.930195     ,              ,               ,                    ,          , 0.131702        , 0.0      , 0.6   , 0.0, 0.0             , 0.6          , 0.0      , 0.1            , 1.4         , 0.2     , 0.8            , 3.2         , 1.2     , 2.5            , 4.7         , 3.3     , 8.3            , 8.5         , 8.4     
00774   , 00774   , 24.172837         , 16.009921     ,              ,               ,                    ,          , 0.106771        , 0.0      , 1.2   , 0.0, 0.0             , 1.2          , 0.0      , 0.2            , 2.4         , 0.3     , 1.2            , 5.0         , 2.0     , 4.1            , 8.5         , 5.5     , 15.6           , 18.2        , 16.8    
00775   , 00775   , 24.172837         , 16.451202     ,              ,               ,                    ,          , 0.102841        , 0.0      , 1.2   , 0.0, 0.0             , 1.2          , 0.0      , 0.1            , 2.1         , 0.3     , 1.1            , 4.7         , 1.8     , 3.7            , 8.6         , 5.2     , 15.5           , 19.1        , 17.1    
00776   , 00776   , 24.172837         , 16.903434     ,              ,               ,                    ,          , 0.101529        , 0.0      , 1.8   , 0.1, 0.0             , 1.8          , 0.1      , 0.2            , 3.2         , 0.4     , 1.4            , 6.5         , 2.4     , 4.3            , 9.7         , 6.0     , 15.1           , 19.0        , 16.8    
00777   , 00777   , 24.172837         , 14.837564     ,              ,               ,                    ,          , 0.12536         , 0.0      , 0.8   , 0.0, 0.0             , 0.8          , 0.0      , 0.1            , 1.5         , 0.2     , 0.8            , 3.2         , 1.3     , 2.7            , 5.1         , 3.5     , 9.7            , 10.2        , 9.9     
00778   , 00778   , 24.172837         , 14.631333     ,              ,               ,                    ,          , 0.127748        , 0.0      , 0.8   , 0.0, 0.0             , 0.8          , 0.0      , 0.1            , 1.4         , 0.2     , 0.7            , 2.6         , 1.2     , 2.2            , 4.1         , 2.8     , 7.3            , 7.7         , 7.5     
00779   , 00779   , 24.172837         , 21.60429      ,              ,               ,                    ,          , 0.064094        , 0.1      , 7.0   , 0.2, 0.1             , 7.0          , 0.2      , 0.7            , 13.3        , 1.3     , 4.9            , 24.1        , 8.2     , 13.9           , 33.3        , 19.6    , 38.0           , 48.9        , 42.8    
00834   , 00834   , 21.43393          , 25.567455     ,              ,               ,                    ,          , 0.048599        , 0.1      , 8.8   , 0.3, 0.1             , 8.8          , 0.3      , 1.1            , 19.7        , 2.1     , 8.6            , 39.8        , 14.1    , 23.6           , 51.7        , 32.4    , 49.2           , 65.3        , 56.1    
00835   , 00835   , 21.43393          , 24.931535     ,              ,               ,                    ,          , 0.045494        , 0.1      , 9.2   , 0.3, 0.1             , 9.2          , 0.3      , 1.1            , 18.3        , 2.0     , 7.9            , 35.5        , 13.0    , 22.1           , 48.3        , 30.3    , 51.8           , 69.0        , 59.2    
00836   , 00836   , 21.43393          , 25.006723     ,              ,               ,                    ,          , 0.045056        , 0.2      , 9.6   , 0.3, 0.2             , 9.6          , 0.3      , 1.2            , 20.8        , 2.3     , 8.8            , 37.9        , 14.3    , 23.6           , 51.3        , 32.4    , 53.6           , 70.9        , 61.1    
00837   , 00837   , 21.43393          , 25.139766     ,              ,               ,                    ,          , 0.047942        , 0.1      , 9.9   , 0.3, 0.1             , 9.9          , 0.3      , 1.1            , 19.4        , 2.1     , 7.6            , 35.6        , 12.5    , 21.2           , 48.1        , 29.4    , 49.3           , 66.3        , 56.6    
00838   , 00838   , 21.43393          , 24.505435     ,              ,               ,                    ,          , 0.043973        , 0.1      , 9.0   , 0.3, 0.1             , 9.0          , 0.3      , 1.2            , 18.9        , 2.2     , 7.8            , 34.6        , 12.8    , 22.4           , 52.0        , 31.3    , 53.6           , 72.2        , 61.5    
00839   , 00839   , 21.43393          , 25.772294     ,              ,               ,                    ,          , 0.049638        , 0.1      , 8.8   , 0.3, 0.1             , 8.8          , 0.3      , 1.0            , 17.9        , 2.0     , 7.6            , 34.0        , 12.4    , 20.9           , 47.1        , 29.0    , 46.0           , 62.5        , 53.0    
00858   , 00858   , 27.60611          , 17.313697     ,              ,               ,                    ,          , 0.118933        , 0.0      , 0.6   , 0.0, 0.0             , 0.6          , 0.0      , 0.1            , 1.5         , 0.2     , 0.7            , 3.1         , 1.2     , 2.3            , 4.8         , 3.1     , 7.9            , 9.7         , 8.7     
00859   , 00859   , 27.60611          , 17.719047     ,              ,               ,                    ,          , 0.113149        , 0.0      , 0.7   , 0.0, 0.0             , 0.7          , 0.0      , 0.1            , 1.9         , 0.2     , 0.8            , 3.5         , 1.3     , 2.4            , 5.1         , 3.3     , 8.8            , 11.2        , 9.9     
00860   , 00860   , 27.60611          , 17.71371      ,              ,               ,                    ,          , 0.112736        , 0.0      , 0.8   , 0.0, 0.0             , 0.8          , 0.0      , 0.1            , 1.3         , 0.2     , 0.6            , 2.6         , 1.0     , 2.0            , 4.8         , 2.9     , 8.5            , 11.1        , 9.6     
00861   , 00861   , 27.60611          , 16.070225     ,              ,               ,                    ,          , 0.132726        , 0.0      , 0.5   , 0.0, 0.0             , 0.5          , 0.0      , 0.1            , 0.8         , 0.1     , 0.4            , 1.4         , 0.6     , 1.2            , 2.7         , 1.7     , 4.1            , 4.7         , 4.4     
00862   , 00862   , 27.60611          , 17.422147     ,              ,               ,                    ,          , 0.117792        , 0.0      , 0.6   , 0.0, 0.0             , 0.6          , 0.0      , 0.1            , 1.5         , 0.2     , 0.7            , 2.8         , 1.1     , 2.3            , 4.9         , 3.1     , 8.5            , 10.1        , 9.2     
00863   , 00863   , 27.60611          , 18.772549     ,              ,               ,                    ,          , 0.101917        , 0.0      , 0.9   , 0.0, 0.0             , 0.9          , 0.0      , 0.1            , 1.9         , 0.2     , 1.0            , 4.9         , 1.7     , 3.9            , 9.4         , 5.5     , 13.5           , 17.1        , 15.1    
00906   , 00906   , 17.114293         , 17.988822     ,              ,               ,                    ,          , 0.049005        , 0.1      , 6.5   , 0.2, 0.1             , 6.5          , 0.2      , 0.8            , 12.0        , 1.4     , 5.2            , 24.8        , 8.6     , 15.9           , 37.0        , 22.2    , 47.2           , 64.9        , 54.6    
00907   , 00907   , 17.114293         , 18.291198     ,              ,               ,                    ,          , 0.052461        , 0.1      , 5.0   , 0.2, 0.1             , 5.0          , 0.2      , 0.6            , 10.7        , 1.1     , 4.4            , 22.4        , 7.3     , 13.9           , 35.4        , 20.0    , 44.0           , 61.3        , 51.3    
00908   , 00908   , 17.114293         , 20.646455     ,              ,               ,                    ,          , 0.060245        , 0.1      , 5.7   , 0.2, 0.1             , 5.7          , 0.2      , 0.7            , 12.9        , 1.3     , 4.8            , 25.8        , 8.1     , 14.0           , 37.1        , 20.3    , 36.8           , 55.8        , 44.3    
00909   , 00909   , 17.114293         , 19.474087     ,              ,               ,                    ,          , 0.052541        , 0.1      , 6.9   , 0.2, 0.1             , 6.9          , 0.2      , 0.6            , 11.5        , 1.2     , 4.8            , 25.9        , 8.1     , 14.7           , 39.5        , 21.4    , 43.6           , 63.9        , 51.8    
00910   , 00910   , 17.114293         , 18.398506     ,              ,               ,                    ,          , 0.050592        , 0.1      , 5.5   , 0.2, 0.1             , 5.5          , 0.2      , 0.7            , 12.6        , 1.3     , 5.1            , 25.0        , 8.5     , 15.8           , 38.7        , 22.5    , 46.3           , 63.7        , 53.6    
00911   , 00911   , 17.114293         , 17.657356     ,              ,               ,                    ,          , 0.050597        , 0.1      , 5.8   , 0.2, 0.1             , 5.8          , 0.2      , 0.7            , 10.7        , 1.3     , 5.0            , 22.2        , 8.2     , 14.8           , 33.5        , 20.5    , 45.9           , 61.9        , 52.7    
00924   , 00924   , 24.828273         , 24.131128     ,              ,               ,                    ,          , 0.037777        , 0.2      , 14.5  , 0.5, 0.2             , 14.5         , 0.5      , 1.7            , 25.2        , 3.1     , 10.9           , 44.7        , 17.6    , 29.3           , 58.2        , 39.0    , 66.1           , 76.8        , 71.1    
00925   , 00925   , 24.828273         , 23.065054     ,              ,               ,                    ,          , 0.039081        , 0.2      , 11.3  , 0.4, 0.2             , 11.3         , 0.4      , 1.4            , 21.9        , 2.6     , 10.1           , 40.8        , 16.2    , 28.4           , 56.7        , 37.9    , 69.2           , 78.3        , 73.5    
00926   , 00926   , 24.828273         , 23.237727     ,              ,               ,                    ,          , 0.039161        , 0.2      , 8.6   , 0.3, 0.2             , 8.6          , 0.3      , 1.2            , 17.8        , 2.2     , 8.4            , 37.0        , 13.7    , 26.4           , 56.6        , 36.0    , 69.6           , 79.2        , 74.1    
00927   , 00927   , 24.828273         , 22.658883     ,              ,               ,                    ,          , 0.039987        , 0.2      , 11.6  , 0.4, 0.2             , 11.6         , 0.4      , 1.4            , 21.9        , 2.7     , 10.3           , 40.1        , 16.3    , 28.6           , 56.5        , 37.9    , 67.7           , 75.1        , 71.2    
00928   , 00928   , 24.828273         , 22.723053     ,              ,               ,                    ,          , 0.040172        , 0.2      , 10.5  , 0.4, 0.2             , 10.5         , 0.4      , 1.5            , 22.9        , 2.9     , 10.3           , 38.8        , 16.3    , 27.8           , 54.4        , 36.8    , 68.6           , 75.3        , 71.8    
00929   , 00929   , 24.828273         , 22.638244     ,              ,               ,                    ,          , 0.039996        , 0.2      , 10.5  , 0.4, 0.2             , 10.5         , 0.4      , 1.4            , 21.0        , 2.7     , 10.3           , 41.2        , 16.5    , 28.7           , 56.8        , 38.2    , 68.2           , 75.0        , 71.4    
00978   , 00978   , 31.07404          , 24.239142     ,              ,               ,                    ,          , 0.081682        , 0.1      , 3.3   , 0.1, 0.1             , 3.3          , 0.1      , 0.4            , 6.6         , 0.8     , 2.9            , 13.6        , 4.8     , 9.0            , 19.8        , 12.4    , 25.4           , 31.4        , 28.1    
00979   , 00979   , 31.07404          , 22.012711     ,              ,               ,                    ,          , 0.095397        , 0.0      , 2.6   , 0.1, 0.0             , 2.6          , 0.1      , 0.4            , 6.2         , 0.7     , 2.9            , 11.4        , 4.6     , 8.2            , 16.0        , 10.8    , 22.3           , 24.8        , 23.5    
00980   , 00980   , 31.07404          , 22.254437     ,              ,               ,                    ,          , 0.094264        , 0.0      , 2.2   , 0.1, 0.0             , 2.2          , 0.1      , 0.3            , 5.7         , 0.6     , 2.8            , 12.2        , 4.5     , 8.3            , 17.1        , 11.2    , 22.7           , 26.4        , 24.4    
00981   , 00981   , 31.07404          , 22.83982      ,              ,               ,                    ,          , 0.090919        , 0.0      , 2.3   , 0.1, 0.0             , 2.3          , 0.1      , 0.3            , 5.0         , 0.6     , 2.5            , 10.5        , 4.0     , 7.3            , 15.6        , 9.9     , 22.1           , 26.1        , 23.9    
00982   , 00982   , 31.07404          , 23.262396     ,              ,               ,                    ,          , 0.088666        , 0.0      , 3.1   , 0.1, 0.0             , 3.1          , 0.1      , 0.4            , 5.9         , 0.7     , 2.8            , 12.1        , 4.6     , 8.6            , 18.0        , 11.6    , 24.2           , 28.0        , 26.0    
00983   , 00983   , 31.07404          , 21.821496     ,              ,               ,                    ,          , 0.098474        , 0.0      , 2.7   , 0.1, 0.0             , 2.7          , 0.1      , 0.3            , 5.6         , 0.6     , 2.7            , 11.2        , 4.3     , 8.2            , 16.2        , 10.9    , 22.5           , 25.0        , 23.7    
00996   , 00996   , 17.00126          , 29.827688     ,              ,               ,                    ,          , 0.132425        , 0.0      , 0.0   , 0.0, 0.0             , 0.0          , 0.0      , 0.0            , 0.0         , 0.0     , 0.0            , 0.1         , 0.0     , 0.0            , 0.2         , 0.1     , 0.7            , 2.3         , 1.1     
00997   , 00997   , 17.00126          , 26.573207     ,              ,               ,                    ,          , 0.102327        , 0.0      , 0.6   , 0.0, 0.0             , 0.6          , 0.0      , 0.1            , 2.3         , 0.2     , 0.9            , 5.5         , 1.5     , 2.8            , 9.3         , 4.3     , 10.8           , 21.0        , 14.3    
00998   , 00998   , 17.00126          , 26.952292     ,              ,               ,                    ,          , 0.107837        , 0.0      , 0.5   , 0.0, 0.0             , 0.5          , 0.0      , 0.0            , 1.1         , 0.1     , 0.5            , 3.4         , 0.9     , 1.7            , 6.2         , 2.7     , 7.2            , 14.7        , 9.7     
00999   , 00999   , 17.00126          , 28.019743     ,              ,               ,                    ,          , 0.116912        , 0.0      , 0.2   , 0.0, 0.0             , 0.2          , 0.0      , 0.0            , 0.5         , 0.0     , 0.1            , 0.9         , 0.2     , 0.5            , 3.3         , 0.9     , 4.3            , 11.1        , 6.3     
01000   , 01000   , 17.00126          , 27.821256     ,              ,               ,                    ,          , 0.116583        , 0.0      , 0.2   , 0.0, 0.0             , 0.2          , 0.0      , 0.0            , 0.6         , 0.0     , 0.2            , 1.8         , 0.4     , 0.9            , 3.6         , 1.4     , 4.7            , 10.3        , 6.4     
01001   , 01001   , 17.00126          , 26.218615     ,              ,               ,                    ,          , 0.102055        , 0.0      , 1.2   , 0.0, 0.0             , 1.2          , 0.0      , 0.1            , 2.7         , 0.2     , 0.9            , 6.2         , 1.6     , 2.8            , 9.5         , 4.4     , 10.2           , 20.7        , 13.6    
01038   , 01038   , 30.03835          , 28.109166     ,              ,               ,                    ,          , 0.059901        , 0.1      , 5.1   , 0.2, 0.1             , 5.1          , 0.2      , 0.6            , 9.4         , 1.1     , 4.3            , 18.7        , 7.0     , 12.6           , 27.5        , 17.3    , 38.2           , 48.4        , 42.7    
01039   , 01039   , 30.03835          , 30.400844     ,              ,               ,                    ,          , 0.057891        , 0.1      , 5.3   , 0.2, 0.1             , 5.3          , 0.2      , 0.7            , 11.0        , 1.4     , 5.1            , 21.8        , 8.3     , 14.5           , 32.1        , 20.0    , 43.3           , 55.6        , 48.7    
01040   , 01040   , 30.03835          , 24.490685     ,              ,               ,                    ,          , 0.070918        , 0.1      , 3.3   , 0.1, 0.1             , 3.3          , 0.1      , 0.5            , 7.4         , 0.9     , 3.8            , 15.2        , 6.1     , 11.3           , 22.6        , 15.1    , 33.4           , 38.2        , 35.7    
01041   , 01041   , 30.03835          , 29.491076     ,              ,               ,                    ,          , 0.059556        , 0.1      , 4.4   , 0.1, 0.1             , 4.4          , 0.1      , 0.6            , 9.5         , 1.1     , 4.2            , 18.6        , 6.9     , 12.9           , 29.1        , 17.8    , 39.3           , 50.9        , 44.4    
01042   , 01042   , 30.03835          , 29.435645     ,              ,               ,                    ,          , 0.057956        , 0.1      , 4.9   , 0.2, 0.1             , 4.9          , 0.2      , 0.7            , 10.4        , 1.2     , 4.8            , 20.5        , 7.7     , 14.1           , 31.2        , 19.4    , 41.6           , 53.0        , 46.6    
01043   , 01043   , 30.03835          , 24.633992     ,              ,               ,                    ,          , 0.067705        , 0.1      , 4.1   , 0.1, 0.1             , 4.1          , 0.1      , 0.6            , 8.4         , 1.1     , 4.3            , 17.3        , 6.9     , 12.7           , 26.2        , 17.2    , 36.1           , 41.5        , 38.6    
01074   , 01074   , 21.358376         , 26.889819     ,              ,               ,                    ,          , 0.056054        , 0.1      , 8.4   , 0.3, 0.1             , 8.4          , 0.3      , 1.1            , 17.2        , 2.0     , 6.9            , 28.5        , 11.1    , 17.9           , 38.7        , 24.5    , 42.1           , 58.7        , 49.0    
01075   , 01075   , 21.358376         , 30.85524      ,              ,               ,                    ,          , 0.08081         , 0.0      , 1.4   , 0.0, 0.0             , 1.4          , 0.0      , 0.2            , 2.8         , 0.3     , 1.1            , 5.8         , 1.9     , 3.9            , 12.6        , 5.9     , 19.6           , 31.2        , 24.0    
01076   , 01076   , 21.358376         , 27.453514     ,              ,               ,                    ,          , 0.058191        , 0.1      , 8.3   , 0.3, 0.1             , 8.3          , 0.3      , 1.0            , 15.5        , 1.9     , 6.2            , 25.6        , 10.0    , 16.5           , 37.9        , 23.0    , 40.6           , 55.8        , 47.0    
01077   , 01077   , 21.358376         , 28.547204     ,              ,               ,                    ,          , 0.064707        , 0.1      , 4.5   , 0.1, 0.1             , 4.5          , 0.1      , 0.6            , 9.0         , 1.1     , 4.7            , 21.0        , 7.6     , 13.2           , 30.5        , 18.4    , 34.1           , 48.8        , 40.2    
01078   , 01078   , 21.358376         , 28.849946     ,              ,               ,                    ,          , 0.067651        , 0.1      , 3.2   , 0.1, 0.1             , 3.2          , 0.1      , 0.4            , 6.9         , 0.8     , 3.5            , 16.4        , 5.7     , 11.2           , 26.8        , 15.8    , 32.6           , 45.8        , 38.1    
01079   , 01079   , 21.358376         , 28.79558      ,              ,               ,                    ,          , 0.068136        , 0.1      , 3.9   , 0.1, 0.1             , 3.9          , 0.1      , 0.4            , 7.5         , 0.8     , 3.4            , 17.1        , 5.6     , 10.8           , 27.0        , 15.4    , 31.6           , 45.7        , 37.4    
01098   , 01098   , 14.611027         , 29.530272     ,              ,               ,                    ,          , 0.20581         , 0.0      , 0.0   , 0.0, 0.0             , 0.0          , 0.0      , 0.0            , 0.0         , 0.0     , 0.0            , 0.0         , 0.0     , 0.0            , 0.0         , 0.0     , 0.0            , 0.0         , 0.0     
01099   , 01099   , 14.611027         , 22.458218     ,              ,               ,                    ,          , 0.121324        , 0.0      , 1.3   , 0.0, 0.0             , 1.3          , 0.0      , 0.1            , 3.1         , 0.2     , 0.8            , 6.3         , 1.5     , 2.4            , 9.2         , 3.9     , 7.7            , 15.2        , 10.2    
01100   , 01100   , 14.611027         , 30.336119     ,              ,               ,                    ,          , 0.213361        , 0.0      , 0.0   , 0.0, 0.0             , 0.0          , 0.0      , 0.0            , 0.0         , 0.0     , 0.0            , 0.0         , 0.0     , 0.0            , 0.0         , 0.0     , 0.0            , 0.0         , 0.0     
01101   , 01101   , 14.611027         , 27.197424     ,              ,               ,                    ,          , 0.178528        , 0.0      , 0.0   , 0.0, 0.0             , 0.0          , 0.0      , 0.0            , 0.0         , 0.0     , 0.0            , 0.0         , 0.0     , 0.0            , 0.0         , 0.0     , 0.0            , 0.1         , 0.0     
01102   , 01102   , 14.611027         , 23.653401     ,              ,               ,                    ,          , 0.133257        , 0.0      , 0.1   , 0.0, 0.0             , 0.1          , 0.0      , 0.0            , 0.3         , 0.0     , 0.2            , 1.7         , 0.3     , 0.8            , 3.9         , 1.4     , 4.2            , 9.1         , 5.8     
01103   , 01103   , 14.611027         , 32.112861     ,              ,               ,                    ,          , 0.23145         , 0.0      , 0.0   , 0.0, 0.0             , 0.0          , 0.0      , 0.0            , 0.0         , 0.0     , 0.0            , 0.0         , 0.0     , 0.0            , 0.0         , 0.0     , 0.0            , 0.0         , 0.0     
01128   , 01128   , 11.667955         , 37.023576     ,              ,               ,                    ,          , 0.353373        , 0.0      , 0.0   , 0.0, 0.0             , 0.0          , 0.0      , 0.0            , 0.0         , 0.0     , 0.0            , 0.0         , 0.0     , 0.0            , 0.0         , 0.0     , 0.0            , 0.0         , 0.0     
01129   , 01129   , 11.667955         , 34.818787     ,              ,               ,                    ,          , 0.335842        , 0.0      , 0.0   , 0.0, 0.0             , 0.0          , 0.0      , 0.0            , 0.0         , 0.0     , 0.0            , 0.0         , 0.0     , 0.0            , 0.0         , 0.0     , 0.0            , 0.0         , 0.0     
01130   , 01130   , 11.667955         , 30.686997     ,              ,               ,                    ,          , 0.290152        , 0.0      , 0.0   , 0.0, 0.0             , 0.0          , 0.0      , 0.0            , 0.0         , 0.0     , 0.0            , 0.0         , 0.0     , 0.0            , 0.0         , 0.0     , 0.0            , 0.0         , 0.0     
01131   , 01131   , 11.667955         , 35.011408     ,              ,               ,                    ,          , 0.335799        , 0.0      , 0.0   , 0.0, 0.0             , 0.0          , 0.0      , 0.0            , 0.0         , 0.0     , 0.0            , 0.0         , 0.0     , 0.0            , 0.0         , 0.0     , 0.0            , 0.0         , 0.0     
01132   , 01132   , 11.667955         , 33.993077     ,              ,               ,                    ,          , 0.322759        , 0.0      , 0.0   , 0.0, 0.0             , 0.0          , 0.0      , 0.0            , 0.0         , 0.0     , 0.0            , 0.0         , 0.0     , 0.0            , 0.0         , 0.0     , 0.0            , 0.0         , 0.0     
01133   , 01133   , 11.667955         , 35.767719     ,              ,               ,                    ,          , 0.341108        , 0.0      , 0.0   , 0.0, 0.0             , 0.0          , 0.0      , 0.0            , 0.0         , 0.0     , 0.0            , 0.0         , 0.0     , 0.0            , 0.0         , 0.0     , 0.0            , 0.0         , 0.0     
01134   , 01134   , 20.23046          , 34.946619     ,              ,               ,                    ,          , 0.128585        , 0.0      , 0.5   , 0.0, 0.0             , 0.5          , 0.0      , 0.1            , 1.1         , 0.1     , 0.4            , 2.7         , 0.7     , 1.6            , 6.3         , 2.6     , 7.1            , 14.1        , 9.4     
01135   , 01135   , 20.23046          , 34.715685     ,              ,               ,                    ,          , 0.127399        , 0.0      , 0.4   , 0.0, 0.0             , 0.4          , 0.0      , 0.1            , 1.2         , 0.1     , 0.6            , 4.2         , 1.1     , 2.0            , 6.8         , 3.1     , 7.9            , 15.8        , 10.5    
01136   , 01136   , 20.23046          , 33.891006     ,              ,               ,                    ,          , 0.120019        , 0.0      , 0.7   , 0.0, 0.0             , 0.7          , 0.0      , 0.1            , 1.5         , 0.1     , 0.7            , 4.7         , 1.2     , 2.5            , 9.2         , 4.0     , 9.3            , 17.6        , 12.2    
01137   , 01137   , 20.23046          , 34.859071     ,              ,               ,                    ,          , 0.128513        , 0.0      , 0.6   , 0.0, 0.0             , 0.6          , 0.0      , 0.1            , 1.8         , 0.2     , 0.7            , 4.7         , 1.3     , 2.3            , 8.0         , 3.6     , 8.6            , 16.1        , 11.2    
01138   , 01138   , 20.23046          , 34.486354     ,              ,               ,                    ,          , 0.125588        , 0.0      , 0.2   , 0.0, 0.0             , 0.2          , 0.0      , 0.0            , 0.8         , 0.1     , 0.4            , 3.2         , 0.7     , 1.8            , 6.3         , 2.8     , 7.6            , 14.5        , 10.0    
01139   , 01139   , 20.23046          , 33.998862     ,              ,               ,                    ,          , 0.122911        , 0.0      , 0.6   , 0.0, 0.0             , 0.6          , 0.0      , 0.1            , 2.2         , 0.2     , 0.9            , 5.5         , 1.6     , 3.0            , 9.2         , 4.5     , 9.9            , 18.0        , 12.8    
01242   , 01242   , 13.830482         , 14.7796       ,              ,               ,                    ,          , 0.057168        , 0.1      , 7.1   , 0.2, 0.1             , 7.1          , 0.2      , 0.7            , 14.1        , 1.4     , 5.0            , 26.9        , 8.4     , 14.5           , 37.7        , 21.0    , 41.2           , 59.8        , 48.8    
01243   , 01243   , 13.830482         , 18.633678     ,              ,               ,                    ,          , 0.086264        , 0.1      , 4.2   , 0.1, 0.1             , 4.2          , 0.1      , 0.4            , 8.8         , 0.7     , 2.7            , 16.5        , 4.7     , 8.0            , 22.8        , 11.9    , 23.3           , 37.2        , 28.7    
01244   , 01244   , 13.830482         , 16.976078     ,              ,               ,                    ,          , 0.07023         , 0.1      , 4.7   , 0.1, 0.1             , 4.7          , 0.1      , 0.5            , 10.1        , 0.9     , 3.7            , 22.2        , 6.3     , 11.7           , 33.5        , 17.3    , 33.5           , 50.9        , 40.4    
01245   , 01245   , 13.830482         , 21.453412     ,              ,               ,                    ,          , 0.114975        , 0.0      , 2.7   , 0.1, 0.0             , 2.7          , 0.1      , 0.2            , 5.1         , 0.4     , 1.5            , 9.1         , 2.6     , 4.3            , 12.9        , 6.4     , 12.6           , 22.4        , 16.1    
01246   , 01246   , 13.830482         , 15.814891     ,              ,               ,                    ,          , 0.060547        , 0.1      , 6.0   , 0.2, 0.1             , 6.0          , 0.2      , 0.6            , 13.3        , 1.2     , 4.5            , 24.5        , 7.6     , 13.0           , 34.1        , 18.8    , 36.2           , 52.8        , 43.0    
01247   , 01247   , 13.830482         , 19.702098     ,              ,               ,                    ,          , 0.096746        , 0.0      , 2.6   , 0.1, 0.0             , 2.6          , 0.1      , 0.2            , 5.9         , 0.5     , 1.8            , 11.1        , 3.1     , 5.7            , 18.4        , 8.7     , 17.1           , 28.5        , 21.4    
01296   , 01296   , 26.696336         , 21.02559      ,              ,               ,                    ,          , 0.063965        , 0.1      , 3.7   , 0.1, 0.1             , 3.7          , 0.1      , 0.6            , 8.1         , 1.1     , 4.2            , 16.7        , 6.7     , 12.6           , 24.7        , 16.7    , 36.1           , 42.0        , 38.8    
01297   , 01297   , 26.696336         , 21.139415     ,              ,               ,                    ,          , 0.064946        , 0.0      , 2.5   , 0.1, 0.0             , 2.5          , 0.1      , 0.4            , 5.6         , 0.7     , 3.4            , 14.0        , 5.5     , 10.8           , 21.8        , 14.4    , 32.8           , 39.5        , 35.8    
01298   , 01298   , 26.696336         , 20.656982     ,              ,               ,                    ,          , 0.066357        , 0.1      , 3.3   , 0.1, 0.1             , 3.3          , 0.1      , 0.5            , 7.1         , 1.0     , 3.8            , 13.9        , 6.0     , 11.5           , 21.9        , 15.1    , 32.7           , 37.0        , 34.7    
01299   , 01299   , 26.696336         , 20.935597     ,              ,               ,                    ,          , 0.064999        , 0.1      , 3.7   , 0.1, 0.1             , 3.7          , 0.1      , 0.5            , 7.2         , 1.0     , 3.8            , 14.8        , 6.0     , 11.8           , 22.7        , 15.6    , 35.0           , 39.5        , 37.1    
01300   , 01300   , 26.696336         , 21.552488     ,              ,               ,                    ,          , 0.061273        , 0.1      , 3.4   , 0.1, 0.1             , 3.4          , 0.1      , 0.5            , 7.5         , 1.0     , 4.3            , 18.1        , 6.9     , 13.1           , 25.0        , 17.2    , 37.2           , 44.2        , 40.4    
01301   , 01301   , 26.696336         , 20.636269     ,              ,               ,                    ,          , 0.066991        , 0.1      , 3.7   , 0.2, 0.1             , 3.7          , 0.2      , 0.5            , 6.2         , 0.9     , 3.5            , 13.2        , 5.5     , 10.5           , 20.7        , 14.0    , 32.8           , 36.7        , 34.6    
01302   , 01302   , 25.393034         , 23.839941     ,              ,               ,                    ,          , 0.038781        , 0.2      , 8.3   , 0.3, 0.2             , 8.3          , 0.3      , 1.1            , 15.0        , 2.1     , 8.5            , 34.6        , 13.6    , 26.5           , 52.7        , 35.3    , 67.3           , 79.0        , 72.7    
01303   , 01303   , 25.393034         , 20.841409     ,              ,               ,                    ,          , 0.053003        , 0.1      , 5.2   , 0.2, 0.1             , 5.2          , 0.2      , 0.8            , 10.6        , 1.5     , 5.8            , 20.9        , 9.1     , 16.5           , 30.7        , 21.4    , 45.6           , 52.4        , 48.8    
01304   , 01304   , 25.393034         , 20.611263     ,              ,               ,                    ,          , 0.053732        , 0.1      , 4.3   , 0.2, 0.1             , 4.3          , 0.2      , 0.7            , 8.9         , 1.3     , 5.2            , 18.3        , 8.1     , 15.3           , 28.0        , 19.8    , 44.5           , 51.9        , 47.9    
01305   , 01305   , 25.393034         , 24.123189     ,              ,               ,                    ,          , 0.040953        , 0.2      , 8.8   , 0.3, 0.2             , 8.8          , 0.3      , 1.2            , 16.6        , 2.2     , 8.4            , 33.1        , 13.4    , 24.2           , 47.8        , 32.1    , 61.7           , 74.4        , 67.4    
01306   , 01306   , 25.393034         , 22.285567     ,              ,               ,                    ,          , 0.04563         , 0.1      , 5.4   , 0.2, 0.1             , 5.4          , 0.2      , 0.8            , 10.9        , 1.5     , 6.2            , 24.4        , 9.9     , 19.7           , 40.2        , 26.4    , 57.7           , 68.3        , 62.6    
01307   , 01307   , 25.393034         , 21.243906     ,              ,               ,                    ,          , 0.050867        , 0.1      , 5.0   , 0.2, 0.1             , 5.0          , 0.2      , 0.7            , 9.6         , 1.3     , 5.6            , 21.2        , 8.8     , 17.0           , 33.8        , 22.6    , 49.1           , 58.2        , 53.2    
SUMMARY , n=198   , 21.37924          , 21.900428     , 5.932842     , 7.622212      , 31.36              , -1.113672, 0.084744        , 0.1      , 4.3   , 0.1, 0.1             , 4.3          , 0.1      , 0.6            , 8.8         , 1.1     , 4.2            , 17.7        , 6.7     , 12.1           , 26.1        , 16.5    , 33.0           , 41.7        , 36.7    
