frame_id,source_path,pred_volume_ml,mesh_volume_ml,reference_volume_ml,latent_path,mesh_path,inference_time_ms
00000,/home/tianqi/corepp2/data/20260416/pointcloud/00000.ply,,25.033522,26.676863,/home/tianqi/corepp2/unseen_output/latents/00000.pth,/home/tianqi/corepp2/unseen_output/meshes/00000.ply,32.019
00001,/home/tianqi/corepp2/data/20260416/pointcloud/00001.ply,,24.834511,25.451603,/home/tianqi/corepp2/unseen_output/latents/00001.pth,/home/tianqi/corepp2/unseen_output/meshes/00001.ply,30.929
00002,/home/tianqi/corepp2/data/20260416/pointcloud/00002.ply,,24.955917,26.283129,/home/tianqi/corepp2/unseen_output/latents/00002.pth,/home/tianqi/corepp2/unseen_output/meshes/00002.ply,31.63
00003,/home/tianqi/corepp2/data/20260416/pointcloud/00003.ply,,25.019128,25.405944,/home/tianqi/corepp2/unseen_output/latents/00003.pth,/home/tianqi/corepp2/unseen_output/meshes/00003.ply,32.349
00004,/home/tianqi/corepp2/data/20260416/pointcloud/00004.ply,,26.663348,31.224474,/home/tianqi/corepp2/unseen_output/latents/00004.pth,/home/tianqi/corepp2/unseen_output/meshes/00004.ply,32.992
00005,/home/tianqi/corepp2/data/20260416/pointcloud/00005.ply,,26.661359,30.503681,/home/tianqi/corepp2/unseen_output/latents/00005.pth,/home/tianqi/corepp2/unseen_output/meshes/00005.ply,31.372
00006,/home/tianqi/corepp2/data/20260416/pointcloud/00006.ply,,25.126374,26.963936,/home/tianqi/corepp2/unseen_output/latents/00006.pth,/home/tianqi/corepp2/unseen_output/meshes/00006.ply,30.699
00007,/home/tianqi/corepp2/data/20260416/pointcloud/00007.ply,,25.695131,28.316862,/home/tianqi/corepp2/unseen_output/latents/00007.pth,/home/tianqi/corepp2/unseen_output/meshes/00007.ply,31.229
00008,/home/tianqi/corepp2/data/20260416/pointcloud/00008.ply,,27.062773,31.050317,/home/tianqi/corepp2/unseen_output/latents/00008.pth,/home/tianqi/corepp2/unseen_output/meshes/00008.ply,32.153
00009,/home/tianqi/corepp2/data/20260416/pointcloud/00009.ply,,26.23643,30.216268,/home/tianqi/corepp2/unseen_output/latents/00009.pth,/home/tianqi/corepp2/unseen_output/meshes/00009.ply,31.602
00010,/home/tianqi/corepp2/data/20260416/pointcloud/00010.ply,,26.126528,29.374279,/home/tianqi/corepp2/unseen_output/latents/00010.pth,/home/tianqi/corepp2/unseen_output/meshes/00010.ply,33.226
00011,/home/tianqi/corepp2/data/20260416/pointcloud/00011.ply,,22.462475,19.838762,/home/tianqi/corepp2/unseen_output/latents/00011.pth,/home/tianqi/corepp2/unseen_output/meshes/00011.ply,29.275
00012,/home/tianqi/corepp2/data/20260416/pointcloud/00012.ply,,26.638706,30.425087,/home/tianqi/corepp2/unseen_output/latents/00012.pth,/home/tianqi/corepp2/unseen_output/meshes/00012.ply,32.668
00013,/home/tianqi/corepp2/data/20260416/pointcloud/00013.ply,,27.233672,31.805158,/home/tianqi/corepp2/unseen_output/latents/00013.pth,/home/tianqi/corepp2/unseen_output/meshes/00013.ply,30.254
00014,/home/tianqi/corepp2/data/20260416/pointcloud/00014.ply,,23.59769,22.170243,/home/tianqi/corepp2/unseen_output/latents/00014.pth,/home/tianqi/corepp2/unseen_output/meshes/00014.ply,32.264
00015,/home/tianqi/corepp2/data/20260416/pointcloud/00015.ply,,26.206202,29.456351,/home/tianqi/corepp2/unseen_output/latents/00015.pth,/home/tianqi/corepp2/unseen_output/meshes/00015.ply,43.047
00016,/home/tianqi/corepp2/data/20260416/pointcloud/00016.ply,,23.643654,22.309965,/home/tianqi/corepp2/unseen_output/latents/00016.pth,/home/tianqi/corepp2/unseen_output/meshes/00016.ply,27.851
00017,/home/tianqi/corepp2/data/20260416/pointcloud/00017.ply,,23.447145,22.577952,/home/tianqi/corepp2/unseen_output/latents/00017.pth,/home/tianqi/corepp2/unseen_output/meshes/00017.ply,41.267
00018,/home/tianqi/corepp2/data/20260416/pointcloud/00018.ply,,23.050347,20.403167,/home/tianqi/corepp2/unseen_output/latents/00018.pth,/home/tianqi/corepp2/unseen_output/meshes/00018.ply,33.799
00019,/home/tianqi/corepp2/data/20260416/pointcloud/00019.ply,,24.591656,26.222809,/home/tianqi/corepp2/unseen_output/latents/00019.pth,/home/tianqi/corepp2/unseen_output/meshes/00019.ply,37.991
00020,/home/tianqi/corepp2/data/20260416/pointcloud/00020.ply,,22.950831,20.467278,/home/tianqi/corepp2/unseen_output/latents/00020.pth,/home/tianqi/corepp2/unseen_output/meshes/00020.ply,29.436
00021,/home/tianqi/corepp2/data/20260416/pointcloud/00021.ply,,23.612735,22.696971,/home/tianqi/corepp2/unseen_output/latents/00021.pth,/home/tianqi/corepp2/unseen_output/meshes/00021.ply,90.021
00022,/home/tianqi/corepp2/data/20260416/pointcloud/00022.ply,,24.282549,23.625829,/home/tianqi/corepp2/unseen_output/latents/00022.pth,/home/tianqi/corepp2/unseen_output/meshes/00022.ply,28.136
00023,/home/tianqi/corepp2/data/20260416/pointcloud/00023.ply,,23.140375,20.741507,/home/tianqi/corepp2/unseen_output/latents/00023.pth,/home/tianqi/corepp2/unseen_output/meshes/00023.ply,29.801
00024,/home/tianqi/corepp2/data/20260416/pointcloud/00024.ply,,23.683526,23.038295,/home/tianqi/corepp2/unseen_output/latents/00024.pth,/home/tianqi/corepp2/unseen_output/meshes/00024.ply,32.727
00025,/home/tianqi/corepp2/data/20260416/pointcloud/00025.ply,,23.712093,22.696149,/home/tianqi/corepp2/unseen_output/latents/00025.pth,/home/tianqi/corepp2/unseen_output/meshes/00025.ply,30.124
00026,/home/tianqi/corepp2/data/20260416/pointcloud/00026.ply,,25.338574,27.181878,/home/tianqi/corepp2/unseen_output/latents/00026.pth,/home/tianqi/corepp2/unseen_output/meshes/00026.ply,30.46
00027,/home/tianqi/corepp2/data/20260416/pointcloud/00027.ply,,23.903234,23.465251,/home/tianqi/corepp2/unseen_output/latents/00027.pth,/home/tianqi/corepp2/unseen_output/meshes/00027.ply,30.488
00028,/home/tianqi/corepp2/data/20260416/pointcloud/00028.ply,,24.581221,25.473609,/home/tianqi/corepp2/unseen_output/latents/00028.pth,/home/tianqi/corepp2/unseen_output/meshes/00028.ply,30.814
00029,/home/tianqi/corepp2/data/20260416/pointcloud/00029.ply,,23.737699,22.281037,/home/tianqi/corepp2/unseen_output/latents/00029.pth,/home/tianqi/corepp2/unseen_output/meshes/00029.ply,29.95
00030,/home/tianqi/corepp2/data/20260416/pointcloud/00030.ply,,24.191753,24.371247,/home/tianqi/corepp2/unseen_output/latents/00030.pth,/home/tianqi/corepp2/unseen_output/meshes/00030.ply,28.45
00031,/home/tianqi/corepp2/data/20260416/pointcloud/00031.ply,,24.683336,25.767458,/home/tianqi/corepp2/unseen_output/latents/00031.pth,/home/tianqi/corepp2/unseen_output/meshes/00031.ply,28.938
00032,/home/tianqi/corepp2/data/20260416/pointcloud/00032.ply,,24.623815,25.909968,/home/tianqi/corepp2/unseen_output/latents/00032.pth,/home/tianqi/corepp2/unseen_output/meshes/00032.ply,28.479
00033,/home/tianqi/corepp2/data/20260416/pointcloud/00033.ply,,24.193358,23.726007,/home/tianqi/corepp2/unseen_output/latents/00033.pth,/home/tianqi/corepp2/unseen_output/meshes/00033.ply,28.542
00034,/home/tianqi/corepp2/data/20260416/pointcloud/00034.ply,,24.0686,23.931637,/home/tianqi/corepp2/unseen_output/latents/00034.pth,/home/tianqi/corepp2/unseen_output/meshes/00034.ply,30.263
00035,/home/tianqi/corepp2/data/20260416/pointcloud/00035.ply,,24.004097,24.666201,/home/tianqi/corepp2/unseen_output/latents/00035.pth,/home/tianqi/corepp2/unseen_output/meshes/00035.ply,29.082
00036,/home/tianqi/corepp2/data/20260416/pointcloud/00036.ply,,22.085444,18.088154,/home/tianqi/corepp2/unseen_output/latents/00036.pth,/home/tianqi/corepp2/unseen_output/meshes/00036.ply,27.698
00037,/home/tianqi/corepp2/data/20260416/pointcloud/00037.ply,,22.352683,19.233743,/home/tianqi/corepp2/unseen_output/latents/00037.pth,/home/tianqi/corepp2/unseen_output/meshes/00037.ply,28.188
00038,/home/tianqi/corepp2/data/20260416/pointcloud/00038.ply,,24.561979,25.002036,/home/tianqi/corepp2/unseen_output/latents/00038.pth,/home/tianqi/corepp2/unseen_output/meshes/00038.ply,28.675
00039,/home/tianqi/corepp2/data/20260416/pointcloud/00039.ply,,23.70551,22.198807,/home/tianqi/corepp2/unseen_output/latents/00039.pth,/home/tianqi/corepp2/unseen_output/meshes/00039.ply,28.488
00040,/home/tianqi/corepp2/data/20260416/pointcloud/00040.ply,,24.438949,24.354831,/home/tianqi/corepp2/unseen_output/latents/00040.pth,/home/tianqi/corepp2/unseen_output/meshes/00040.ply,31.543
00041,/home/tianqi/corepp2/data/20260416/pointcloud/00041.ply,,24.990614,26.174329,/home/tianqi/corepp2/unseen_output/latents/00041.pth,/home/tianqi/corepp2/unseen_output/meshes/00041.ply,28.447
00042,/home/tianqi/corepp2/data/20260416/pointcloud/00042.ply,,24.360657,24.791852,/home/tianqi/corepp2/unseen_output/latents/00042.pth,/home/tianqi/corepp2/unseen_output/meshes/00042.ply,28.724
00043,/home/tianqi/corepp2/data/20260416/pointcloud/00043.ply,,21.043008,15.798454,/home/tianqi/corepp2/unseen_output/latents/00043.pth,/home/tianqi/corepp2/unseen_output/meshes/00043.ply,28.047
00044,/home/tianqi/corepp2/data/20260416/pointcloud/00044.ply,,24.224507,24.856620,/home/tianqi/corepp2/unseen_output/latents/00044.pth,/home/tianqi/corepp2/unseen_output/meshes/00044.ply,30.257
00045,/home/tianqi/corepp2/data/20260416/pointcloud/00045.ply,,20.804075,15.832307,/home/tianqi/corepp2/unseen_output/latents/00045.pth,/home/tianqi/corepp2/unseen_output/meshes/00045.ply,28.765
00046,/home/tianqi/corepp2/data/20260416/pointcloud/00046.ply,,23.665609,22.094076,/home/tianqi/corepp2/unseen_output/latents/00046.pth,/home/tianqi/corepp2/unseen_output/meshes/00046.ply,29.363
00047,/home/tianqi/corepp2/data/20260416/pointcloud/00047.ply,,23.629172,21.474664,/home/tianqi/corepp2/unseen_output/latents/00047.pth,/home/tianqi/corepp2/unseen_output/meshes/00047.ply,29.807
00048,/home/tianqi/corepp2/data/20260416/pointcloud/00048.ply,,24.214647,24.026449,/home/tianqi/corepp2/unseen_output/latents/00048.pth,/home/tianqi/corepp2/unseen_output/meshes/00048.ply,30.731
00049,/home/tianqi/corepp2/data/20260416/pointcloud/00049.ply,,24.214217,24.034076,/home/tianqi/corepp2/unseen_output/latents/00049.pth,/home/tianqi/corepp2/unseen_output/meshes/00049.ply,29.716
00050,/home/tianqi/corepp2/data/20260416/pointcloud/00050.ply,,23.43139,21.792365,/home/tianqi/corepp2/unseen_output/latents/00050.pth,/home/tianqi/corepp2/unseen_output/meshes/00050.ply,28.702
00051,/home/tianqi/corepp2/data/20260416/pointcloud/00051.ply,,23.635994,21.842615,/home/tianqi/corepp2/unseen_output/latents/00051.pth,/home/tianqi/corepp2/unseen_output/meshes/00051.ply,29.063
00052,/home/tianqi/corepp2/data/20260416/pointcloud/00052.ply,,23.080842,22.218641,/home/tianqi/corepp2/unseen_output/latents/00052.pth,/home/tianqi/corepp2/unseen_output/meshes/00052.ply,35.758
00053,/home/tianqi/corepp2/data/20260416/pointcloud/00053.ply,,22.902884,20.905590,/home/tianqi/corepp2/unseen_output/latents/00053.pth,/home/tianqi/corepp2/unseen_output/meshes/00053.ply,28.571
00054,/home/tianqi/corepp2/data/20260416/pointcloud/00054.ply,,23.097224,21.291374,/home/tianqi/corepp2/unseen_output/latents/00054.pth,/home/tianqi/corepp2/unseen_output/meshes/00054.ply,29.986
00055,/home/tianqi/corepp2/data/20260416/pointcloud/00055.ply,,23.642233,22.410907,/home/tianqi/corepp2/unseen_output/latents/00055.pth,/home/tianqi/corepp2/unseen_output/meshes/00055.ply,32.879
00056,/home/tianqi/corepp2/data/20260416/pointcloud/00056.ply,,22.969918,21.392152,/home/tianqi/corepp2/unseen_output/latents/00056.pth,/home/tianqi/corepp2/unseen_output/meshes/00056.ply,29.191
00057,/home/tianqi/corepp2/data/20260416/pointcloud/00057.ply,,23.367191,21.687713,/home/tianqi/corepp2/unseen_output/latents/00057.pth,/home/tianqi/corepp2/unseen_output/meshes/00057.ply,31.944
00058,/home/tianqi/corepp2/data/20260416/pointcloud/00058.ply,,24.426281,24.705348,/home/tianqi/corepp2/unseen_output/latents/00058.pth,/home/tianqi/corepp2/unseen_output/meshes/00058.ply,87.514
00059,/home/tianqi/corepp2/data/20260416/pointcloud/00059.ply,,24.687838,25.693964,/home/tianqi/corepp2/unseen_output/latents/00059.pth,/home/tianqi/corepp2/unseen_output/meshes/00059.ply,32.359
00060,/home/tianqi/corepp2/data/20260416/pointcloud/00060.ply,,24.580147,24.665465,/home/tianqi/corepp2/unseen_output/latents/00060.pth,/home/tianqi/corepp2/unseen_output/meshes/00060.ply,32.561
00061,/home/tianqi/corepp2/data/20260416/pointcloud/00061.ply,,24.418981,25.598693,/home/tianqi/corepp2/unseen_output/latents/00061.pth,/home/tianqi/corepp2/unseen_output/meshes/00061.ply,29.899
00062,/home/tianqi/corepp2/data/20260416/pointcloud/00062.ply,,24.934112,25.585212,/home/tianqi/corepp2/unseen_output/latents/00062.pth,/home/tianqi/corepp2/unseen_output/meshes/00062.ply,31.126
00063,/home/tianqi/corepp2/data/20260416/pointcloud/00063.ply,,24.758651,25.487552,/home/tianqi/corepp2/unseen_output/latents/00063.pth,/home/tianqi/corepp2/unseen_output/meshes/00063.ply,30.173
00064,/home/tianqi/corepp2/data/20260416/pointcloud/00064.ply,,23.989082,23.447216,/home/tianqi/corepp2/unseen_output/latents/00064.pth,/home/tianqi/corepp2/unseen_output/meshes/00064.ply,29.721
00065,/home/tianqi/corepp2/data/20260416/pointcloud/00065.ply,,23.887382,22.765026,/home/tianqi/corepp2/unseen_output/latents/00065.pth,/home/tianqi/corepp2/unseen_output/meshes/00065.ply,29.179
00066,/home/tianqi/corepp2/data/20260416/pointcloud/00066.ply,,23.2935,22.354268,/home/tianqi/corepp2/unseen_output/latents/00066.pth,/home/tianqi/corepp2/unseen_output/meshes/00066.ply,29.663
00067,/home/tianqi/corepp2/data/20260416/pointcloud/00067.ply,,23.385592,21.819803,/home/tianqi/corepp2/unseen_output/latents/00067.pth,/home/tianqi/corepp2/unseen_output/meshes/00067.ply,28.564
00068,/home/tianqi/corepp2/data/20260416/pointcloud/00068.ply,,24.804755,25.703640,/home/tianqi/corepp2/unseen_output/latents/00068.pth,/home/tianqi/corepp2/unseen_output/meshes/00068.ply,29.438
00069,/home/tianqi/corepp2/data/20260416/pointcloud/00069.ply,,24.76626,25.368392,/home/tianqi/corepp2/unseen_output/latents/00069.pth,/home/tianqi/corepp2/unseen_output/meshes/00069.ply,30.098
